title,description,image_url,reviews,price
Wicked,Meet the witches of Oz befo...,https://imaging.broadway.com/images/poster-178275/w77/93168-2.png,436,$135.00
Harry Potter and the Cursed Child,It's time to believe in mag...,https://imaging.broadway.com/images/poster-178275/w77/126906-3.jpg,335,$78.00
The Lion King,Pride Rock comes to life in...,https://imaging.broadway.com/images/poster-178275/w77/135756-5.jpg,380,$102.00
Hamilton,A fresh look at the era of ...,https://imaging.broadway.com/images/poster-178275/w77/135658-5.jpg,396,$127.00
MJ,Michael Jackson's unique an...,https://imaging.broadway.com/images/poster-178275/w77/112926-12.jpg,627,$89.00
Death Becomes Her,"A new musical, based on the...",https://imaging.broadway.com/images/poster-178275/w77/130399-3.jpg,240,$64.00
Aladdin,The beloved Disney story is...,https://imaging.broadway.com/images/poster-178275/w77/128907-3.jpg,349,$76.00
Moulin Rouge! The Musical,A theatrical celebration of...,https://imaging.broadway.com/images/poster-178275/w77/126327-9.jpg,425,$69.00
Sunset Boulevard,Nicole Scherzinger makes he...,https://imaging.broadway.com/images/poster-178275/w77/130256-13.jpg,301,$76.00
Just In Time,Jonathan Groff stars as the...,https://imaging.broadway.com/images/poster-178275/w77/132458-3.jpg,148,$127.00
The Outsiders,The Tony Award®-winning Bes...,https://imaging.broadway.com/images/poster-178275/w77/127494-7.jpg,467,$97.00
The Great Gatsby,The roaring '20s take the s...,https://imaging.broadway.com/images/poster-178275/w77/135785-3.jpg,624,$54.00
Stranger Things: The First Shadow,The Olivier Award-winning p...,https://imaging.broadway.com/images/poster-178275/w77/129906-3.jpg,113,$65.00
The Book of Mormon,The nine-time Tony Award-wi...,https://imaging.broadway.com/images/poster-178275/w77/130476-5.jpg,227,$80.00
Buena Vista Social Club,The GRAMMY® Award-winning a...,https://imaging.broadway.com/images/poster-178275/w77/132768-3.jpg,264,$95.00
Hell's Kitchen,A new musical featuring mus...,https://imaging.broadway.com/images/poster-178275/w77/132457-3.jpg,878,$54.00
Hadestown,The Tony-winning musical th...,https://imaging.broadway.com/images/poster-178275/w77/133959-3.jpg,237,$69.00
& Juliet,There's life after Romeo at...,https://imaging.broadway.com/images/poster-178275/w77/135518-3.jpg,386,$67.00
Cabaret,Orville Peck and Eva Noblez...,https://imaging.broadway.com/images/poster-178275/w77/133962-5.jpg,323,$69.00
Chicago,Celebrating 28 years on Bro...,https://imaging.broadway.com/images/poster-178275/w77/126919-3.jpg,315,$81.00
SIX: The Musical,A pop concert spectacle fea...,https://imaging.broadway.com/images/poster-178275/w77/134931-3.jpg,249,$73.00
Gypsy,Audra McDonald returns to B...,https://imaging.broadway.com/images/poster-178275/w77/129155-5.jpg,298,$55.00
Operation Mincemeat: A New Musical,The Olivier Award-winning B...,https://imaging.broadway.com/images/poster-178275/w77/132657-3.jpg,137,$55.00
Real Women Have Curves,A musical adaptation of Jos...,https://imaging.broadway.com/images/poster-178275/w77/133995-3.jpg,40,$81.00
Dead Outlaw,A new musical from the Tony...,https://imaging.broadway.com/images/poster-178275/w77/132482-5.jpg,23,$66.00
Little Shop of Horrors,Experience this cult favori...,https://imaging.broadway.com/images/poster-178275/w77/130287-3.jpg,85,$91.00
The Play That Goes Wrong,A celebration of the best o...,https://imaging.broadway.com/images/poster-178275/w77/135476-3.jpg,130,$146.00
JOY: A New True Musical,Betsy Wolfe stars as invent...,https://imaging.broadway.com/images/poster-178275/w77/135134-3.jpg,N/A,$82.00
"Oh, Mary!",Cole Escola's hit comedy is...,https://imaging.broadway.com/images/poster-178275/w77/132576-7.jpg,144,$86.00
Maybe Happy Ending,Darren Criss and Helen J. S...,https://imaging.broadway.com/images/poster-178275/w77/133091-3.jpg,172,$66.00
Mamma Mia!,The smash hit musical featu...,https://imaging.broadway.com/images/poster-178275/w77/133291-3.jpg,N/A,$97.00
Purpose,Branden Jacobs-Jenkins epic...,https://imaging.broadway.com/images/poster-178275/w77/132837-3.jpg,94,$78.00
Glengarry Glen Ross,"Kieran Culkin, Bob Odenkirk...",https://imaging.broadway.com/images/poster-178275/w77/132220-3.jpg,65,$89.00
The Picture of Dorian Gray,Sarah Snook stars in Kip Wi...,https://imaging.broadway.com/images/poster-178275/w77/133825-3.jpg,96,$221.00
John Proctor is the Villain,Sadie Sink stars in the new...,https://imaging.broadway.com/images/poster-178275/w77/131912-18.jpg,30,$81.00
BOOP! The Musical,A new musical based on the ...,https://imaging.broadway.com/images/poster-178275/w77/130097-9.jpg,119,$65.00
Call Me Izzy,Jean Smart returns to Broad...,https://imaging.broadway.com/images/poster-178275/w77/133519-3.jpg,6,$67.00
Heathers The Musical,The fan-favorite musical ba...,https://imaging.broadway.com/images/poster-178275/w77/133313-3.png,N/A,$82.00
Pirates! The Penzance Musical,"Ramin Karimloo, Jinkx Monso...",https://imaging.broadway.com/images/poster-178275/w77/133316-3.jpg,43,$58.00
The Queen of Versailles,Kristin Chenoweth and F. Mu...,https://imaging.broadway.com/images/poster-178275/w77/133422-3.jpg,N/A,$80.00
Waiting For Godot,Keanu Reeves and Alex Winte...,https://imaging.broadway.com/images/poster-178275/w77/134458-5.jpg,N/A,$127.00
Art,"Bobby Cannavale, James Cord...",https://imaging.broadway.com/images/poster-178275/w77/135391-1.jpg,N/A,$81.00
Beetlejuice,BEETLEJUICE… BEETLEJUICE… B...,https://imaging.broadway.com/images/poster-178275/w77/135457-9.jpg,N/A,$65.00
Stephen Sondheim's Old Friends,Bernadette Peters and Lea S...,https://imaging.broadway.com/images/poster-178275/w77/131349-3.jpg,45,$91.00
Ragtime,Ahrens and Flaherty's power...,https://imaging.broadway.com/images/poster-178275/w77/134956-1.jpg,N/A,$65.00
Amaze Magic,Revolutionary magician Jami...,https://imaging.broadway.com/images/poster-178275/w77/135399-3.jpg,N/A,$66.00
Friends! The Musical Parody,They'll be there for you! T...,https://imaging.broadway.com/images/poster-178275/w77/126699-3.png,16,$64.00
Titanique,The music of Céline Dion co...,https://imaging.broadway.com/images/poster-178275/w77/124907-7.jpg,36,$148.00
Gazillion Bubble Show,Step into an interactive bu...,https://imaging.broadway.com/images/poster-178275/w77/113027-9.jpg,4,$60.00
Dilaria,The world premiere of Julia...,https://imaging.broadway.com/images/poster-178275/w77/134985-1.jpg,N/A,$65.00
Perfect Crime,New York's Longest Running ...,https://imaging.broadway.com/images/poster-178275/w77/126740-3.png,13,$67.00
The Office! A Musical Parody,Come see your favorite pape...,https://imaging.broadway.com/images/poster-178275/w77/126697-3.png,21,$64.00
Jeff Ross: Take A Banana For The Ride,"""Roastmaster General"" Jeff ...",https://imaging.broadway.com/images/poster-178275/w77/135805-0.jpg,N/A,$75.00
Singfeld! A Musical About Nothing!,Seinfeld hits the stage in ...,https://imaging.broadway.com/images/poster-178275/w77/126698-3.png,5,$64.00
Lunar Eclipse,A stirring new play from Pu...,https://imaging.broadway.com/images/poster-178275/w77/134249-5.jpg,3,$91.00
Pen Pals,Pen Pals is the extraordina...,https://imaging.broadway.com/images/poster-178275/w77/135394-5.jpg,N/A,$55.00
Rolling Thunder,A new rock musical telling ...,https://imaging.broadway.com/images/poster-178275/w77/134884-5.jpg,N/A,$54.00
Wesley,A new musical about an owl ...,https://imaging.broadway.com/images/poster-178275/w77/135136-3.png,N/A,$67.00
Ginger Twinsies,Kevin Zak's Parent Trap par...,https://imaging.broadway.com/images/poster-178275/w77/134557-1.jpg,N/A,$54.00
Last Call,Two musical legends. One la...,N/A,N/A,$89.00
Dolly: A True Original Musical,A new musical inspired by t...,https://imaging.broadway.com/images/poster-178275/w77/132830-5.jpg,N/A,N/A
Midnight in the Garden of Good and Evil,The new musical adapted fro...,N/A,N/A,N/A
"The Lost Boys, A New Musical",A new musical based the cla...,https://imaging.broadway.com/images/poster-178275/w77/132699-5.jpg,N/A,N/A
All Out: Comedy About Life,The companion piece of Simo...,N/A,N/A,N/A
Marjorie Prime,Jordan Harrison's new famil...,N/A,N/A,N/A
Oedipus,Mark Strong and Lesley Manv...,https://imaging.broadway.com/images/poster-178275/w77/133471-5.jpg,N/A,N/A
The 25th Annual Putnam County Spelling Bee,William Finn & Rachel Shein...,https://imaging.broadway.com/images/poster-178275/w77/135791-7.jpg,N/A,N/A
Becky Shaw,N/A,N/A,N/A,N/A
Dog Day Afternoon,Jon Bernthal and Ebon Moss-...,https://imaging.broadway.com/images/poster-178275/w77/135515-3.jpg,N/A,N/A
The Rocky Horror Show,The legendary rock musical ...,https://imaging.broadway.com/images/poster-178275/w77/133470-5.jpg,N/A,N/A
Fallen Angels,Kelli O'Hara and Rose Byrne...,https://imaging.broadway.com/images/poster-178275/w77/133472-5.jpg,N/A,N/A
Punch,Manhattan Theatre Club pres...,N/A,N/A,N/A
Archduke,Patrick Page stars in Rajiv...,N/A,N/A,N/A
Private Lives,Noël Coward’s comedy return...,N/A,N/A,N/A
Wanted,A new musical telling the m...,https://imaging.broadway.com/images/poster-178275/w77/135079-15.jpg,N/A,N/A
The Balusters,A raucous new play by David...,https://imaging.broadway.com/images/poster-178275/w77/135145-3.jpg,N/A,N/A
